Metric,Value
Mean Predicted Return,68.37846684845067
Median Predicted Return,38.180251605456775
Std Dev of Predictions,200.99337005691308
Min Predicted Return,-67.38343792380617
Max Predicted Return,7648.894028473255
